Model,Accuracy,F1 Score,ROC-AUC,Acc Mean,AUC Mean
MLP_Fixed,0.7040 (+/- 0.0127),0.4899 (+/- 0.0075),0.7426 (+/- 0.0068),0.7039707419017764,0.7426034347229459
MLP_All,0.8489 (+/- 0.0052),0.7044 (+/- 0.0087),0.9112 (+/- 0.0056),0.8488505747126437,0.9112427142596207
LSTM,0.7096 (+/- 0.0201),0.5093 (+/- 0.0047),0.7630 (+/- 0.0012),0.7095611285266458,0.7630451779869658
Transformer,0.7241 (+/- 0.0233),0.5045 (+/- 0.0012),0.7617 (+/- 0.0023),0.724085684430512,0.7616896655311809
Random Forest (Baseline),0.8707 (+/- 0.0024),~0.70,~0.90,0.8707,0.9
